{
    "total": [
        1,
        1,
        3,
        3,
        3,
        3,
        4,
        4,
        4,
        6,
        7,
        8,
        9,
        11,
        12,
        12,
        13,
        13,
        17,
        17,
        18,
        21,
        23,
        25,
        25,
        27,
        34,
        35,
        35,
        38,
        41,
        47,
        57,
        71,
        77,
        77,
        79,
        89,
        103,
        121,
        121,
        141,
        154,
        155,
        162,
        168,
        173,
        183,
        185,
        192,
        198,
        213,
        229,
        235,
        243,
        245,
        293,
        308,
        353,
        434,
        449,
        460,
        477,
        511,
        511,
        528,
        528,
        563,
        570,
        599,
        622,
        907,
        1254,
        1353,
        1430,
        1650,
        1980,
        2532,
        2652,
        2762,
        4309
    ],
    "fraction": [
        3.103084465959163e-05,
        6.206168931918326e-05,
        0.00015515422329795815,
        0.00024824675727673306,
        0.00034133929125550796,
        0.00043443182523428286,
        0.0005585552038726494,
        0.0006826785825110159,
        0.0008068019611493824,
        0.0009929870291069322,
        0.0012102029417240736,
        0.0014584496990008066,
        0.0017377273009371312,
        0.002079066592192639,
        0.0024514367281077386,
        0.0028238068640228384,
        0.0032272078445975297,
        0.003630608825172221,
        0.004158133184385278,
        0.004685657543598336,
        0.005244212747470985,
        0.005895860485322409,
        0.006609569912493017,
        0.007385341028982808,
        0.008161112145472599,
        0.008998944951281573,
        0.010053993669707688,
        0.011140073232793394,
        0.012226152795879101,
        0.013405324892943583,
        0.014677589523986841,
        0.016136039222987647,
        0.01790479736858437,
        0.02010798733941538,
        0.022497362378203933,
        0.024886737416992488,
        0.027338174145100227,
        0.03009991931980388,
        0.03329609631974182,
        0.03705082852355241,
        0.040805560727363,
        0.04518090982436542,
        0.04995965990194253,
        0.054769440824179234,
        0.05979643765903308,
        0.06500961956184448,
        0.07037795568795382,
        0.0760566002606591,
        0.08179730652268355,
        0.08775522869732515,
        0.09389933593992429,
        0.10050890585241731,
        0.10761496927946379,
        0.11490721777446783,
        0.12244771302674859,
        0.13005026996834854,
        0.1391423074536089,
        0.1486998076087631,
        0.15965369577359895,
        0.1731210823558617,
        0.18705393160801836,
        0.2013281201514305,
        0.21612983305405573,
        0.23198659467510704,
        0.24784335629615836,
        0.26422764227642276,
        0.2806119282566871,
        0.2980822938000372,
        0.3157698752560044,
        0.3343573512070998,
        0.3536585365853658,
        0.3818035126916154,
        0.4207161918947433,
        0.4627009247191708,
        0.5070750325823868,
        0.5582759262707131,
        0.6197169986967045,
        0.6982870973747906,
        0.7805808974120276,
        0.8662880903618198,
        1.0
    ],
    "trig": [
        "COMMUNITY CARE-COMPENSATION & PENSION",
        "COMMUNITY CARE-INPATIENT",
        "COMMUNITY CARE-GEC SKILLED HOME HEALTH CARE",
        "COMMUNITY CARE-HYPERBARIC THERAPY",
        "COMMUNITY CARE-MAMMOGRAPHY FEMALE SCREEN",
        "COMMUNITY CARE-INFECTIOUS DISEASE",
        "COMMUNITY CARE-CARDIOTHORACIC SURGERY",
        "COMMUNITY CARE-IMAGING MAMMOGRAPHY SCREEN-AUTO",
        "COMMUNITY CARE-DS ROUTINE NUTRITION",
        "COMMUNITY CARE-DS ROUTINE PODIATRY",
        "COMMUNITY CARE-CARDIOLOGY LIFEWATCH",
        "COMMUNITY CARE-AUDIOLOGY",
        "COMMUNITY CARE-IMAGING CT COLONOGRAPHY",
        "COMMUNITY CARE-IMAGING GENERAL RADIOLOGY-AUTO",
        "COMMUNITY CARE-LAB",
        "COMMUNITY CARE-GEC NON SKILLED HOME HEALTH CARE",
        "COMMUNITY CARE-ART INFERTILITY ",
        "COMMUNITY CARE-DIALYSIS",
        "COMMUNITY CARE-OUTPATIENT INFUSION",
        "NON VA CARE HCPS PERITONEAL DIALYSIS",
        "COMMUNITY CARE-NUTRITION",
        "COMMUNITY CARE-IMAGING CT-AUTO",
        "COMMUNITY CARE-IMAGING NUCLEAR MEDICINE-AUTO",
        "COMMUNITY CARE-PLASTIC SURGERY",
        "COMMUNITY CARE-IMAGING ULTRASOUND-AUTO",
        "COMMUNITY CARE-HEMATOLOGY",
        "COMMUNITY CARE-SPEECH THERAPY",
        "COMMUNITY CARE-BEHAVIORAL HEALTH INPATIENT",
        "COMMUNITY CARE-EGD/COLONOSCOPY",
        "COMMUNITY CARE-GEC BOWEL AND BLADDER",
        "COMMUNITY CARE-WOUND CARE",
        "COMMUNITY CARE-EGD",
        "COMMUNITY CARE-PULMONARY PROCEDURES",
        "COMMUNITY CARE-GYNECOLOGY",
        "COMMUNITY CARE-CARDIOLOGY PROCEDURES",
        "COMMUNITY CARE-NEPHROLOGY",
        "COMMUNITY CARE-NEUROLOGY PROCEDURES",
        "COMMUNITY CARE-RHEUMATOLOGY",
        "COMMUNITY CARE-ENT",
        "COMMUNITY CARE-MATERNITY",
        "COMMUNITY CARE-ALLERGY/IMMUNOLOGY",
        "COMMUNITY CARE-ENDOCRINOLOGY",
        "COMMUNITY CARE-VASCULAR",
        "COMMUNITY CARE-ADMIN PRIMARY CARE",
        "COMMUNITY CARE-PODIATRY",
        "COMMUNITY CARE-PULMONARY",
        "COMMUNITY CARE-COLONOSCOPY",
        "COMMUNITY CARE-IMAGING MAGNETIC RESONANCE IMAGING-AUTO",
        "COMMUNITY CARE-OCCUPATIONAL THERAPY",
        "COMMUNITY CARE-PHYSICAL MEDICINE",
        "COMMUNITY CARE-OPTOMETRY",
        "COMMUNITY CARE-GENERAL SURGERY",
        "COMMUNITY CARE-GEC HOSPICE & PALLIATIVE CARE",
        "COMMUNITY CARE-NEUROSURGERY",
        "COMMUNITY CARE-MEDICAL ONCOLOGY",
        "COMMUNITY CARE-UROLOGY",
        "COMMUNITY CARE-GASTROENTEROLOGY",
        "COMMUNITY CARE-CNH SPECIALTY CARE",
        "COMMUNITY CARE-RADIATION ONCOLOGY",
        "COMMUNITY CARE-DS ROUTINE AUD",
        "COMMUNITY CARE-SLEEP STUDY",
        "COMMUNITY CARE-CARDIOLOGY GENERAL",
        "NON VA CARE HCPS HEMODIALYSIS",
        "COMMUNITY CARE-NEUROLOGY",
        "COMMUNITY CARE-DERMATOLOGY",
        "COMMUNITY CARE-EMERGENCY URGENT TRANSFER",
        "COMMUNITY CARE-DENTAL",
        "COMMUNITY CARE-RADIOLOGY",
        "COMMUNITY CARE-GEC RESPITE",
        "COMMUNITY CARE-PAIN MANAGEMENT",
        "COMMUNITY CARE-OPHTHALMOLOGY",
        "COMMUNITY CARE-CONTRACT NURSING HOME IN THE COMMUNITY",
        "COMMUNITY CARE-ORTHOPEDICS",
        "COMMUNITY CARE-SKILLED HOME SERVICES",
        "COMMUNITY CARE-OPHTHALMOLOGY SURGICAL",
        "COMMUNITY CARE-BEHAVIORAL HEALTH",
        "COMMUNITY CARE-ACUPUNCTURE",
        "COMMUNITY CARE-H/HHA",
        "COMMUNITY CARE-CHIROPRACTIC",
        "COMMUNITY CARE-PHYSICAL THERAPY",
        "COMMUNITY CARE-DS OPT"
    ]
}